"ご利用日","ご利用先","ご利用金額（円）","現地通貨額","通貨略称","換算レート","使用地域","照会番号","承認番号","口座引落分（円）","ポイント利用分"
"20240701","ＳＴＥＡＭ","2751","","","","国内","74986004185-120746125648","473672","2751","0"
"20240702","ﾗｸﾃﾝﾍﾟｲ*ﾌﾞ-ｽ","600","","","","国内","74297694186-000004526441","743895","600","0"
"20240708","ｄアニメストア（月額）","550","","","","国内","74980004193-799101296148","924586","550","0"
"20240709","ＡＭＡＺＯＮ．ＣＯ．ＪＰ","8454","","","","国内","74980004192-799200061550","049986","8454","0"
"20240709","ＡＭＡＺＯＮ．ＣＯ．ＪＰ","955","","","","国内","74980004192-799200059919","258001","955","0"
"20240713","METAPAY*FTHGL6UCM2","2208","2208.00","JPY","1.000","海外","74313244195-100800746988","306413","2208","0"
"20240720","ﾗｸﾃﾝﾍﾟｲ*ﾌﾞ-ｽ","100","","","","国内","74297694204-000003778256","698352","100","0"
"20240720","ﾗｸﾃﾝﾍﾟｲ*ﾌﾞ-ｽ","1500","","","","国内","74297694204-000003778249","084352","1500","0"
"20240723","ＡＭＡＺＯＮ．ＣＯ．ＪＰ","450","","","","国内","74980004206-790600170939","804681","450","0"
"20240723","ﾗｸﾃﾝﾍﾟｲ*ﾌﾞ-ｽ","2500","","","","国内","74297694207-000005063985","045961","2500","0"
"20240724","ﾗｸﾃﾝﾍﾟｲ*ｷｬﾝﾌﾟﾌｧｲﾔ-","7050","","","","国内","74297694208-000004216021","060058","7050","0"
"20240731","カスミ　ＦＭ浅沼","206","","","","国内","74205034216-000003655484","955620","206","0"
"20240731","イオン　佐野新都市","105","","","","国内","74205034216-000001446076","581673","105","0"
"20240731","OPENAI","1600","10.00","USD","160.000","海外","24492164213-000019447624","803871","1600","0"
"20240807","ﾗｸﾃﾝﾍﾟｲ*ﾌﾞ-ｽ","180","","","","国内","74297694222-000004200928","298192","180","0"
"20240808","ｄアニメストア（月額）","550","","","","国内","74980004224-792201336248","149585","550","0"
"20240809","オカモト大田原","1507","","","","国内","74986004224-119121002037","386934","1507","0"
"20240824","オカモト大田原","3339","","","","国内","74986004239-115537800850","345871","3339","0"
"20240826","ﾎﾞﾃﾞｨﾋﾟｱｽｾﾝﾓﾝﾃﾝﾘﾝ (ﾗｸﾃﾝ","960","","","","国内","74297694241-000001934849","504355","960","0"
"20240828","ﾗｸﾃﾝﾋﾞｯｸﾋﾞｯｸｶﾒﾗﾗｸﾃ(ﾗｸﾃﾝ","4438","","","","国内","74297694243-000002884801","579333","4438","0"
"20240903","ﾗｸﾃﾝﾍﾟｲ*ﾌﾞ-ｽ","800","","","","国内","74297694249-000003909767","993846","800","0"
"20240903","ﾗｸﾃﾝﾍﾟｲ*ﾌﾞ-ｽ","500","","","","国内","74297694249-000003909759","930826","500","0"
"20240903","ﾗｸﾃﾝﾍﾟｲ*ﾌﾞ-ｽ","500","","","","国内","74297694249-000003909742","663836","500","0"
"20240903","ﾗｸﾃﾝﾍﾟｲ*ﾌﾞ-ｽ","180","","","","国内","74297694249-000003909734","222826","180","0"
"20240903","ﾗｸﾃﾝﾍﾟｲ*ﾌﾞ-ｽ","100","","","","国内","74297694249-000003909726","218846","100","0"
"20240906","ワークマン","6400","","","","国内","74980004251-795100476755","388220","6400","0"
"20240908","ｄアニメストア（月額）","550","","","","国内","74980004255-795302169394","729859","550","0"
"20240914","イオンシネマ福島","1800","","","","国内","74205034262-000000511287","558906","1800","0"
"20240922","スターバックス　コーヒー　ジャパン","2000","","","","国内","74685114268-796700583319","007575","2000","0"
"20240926","オカモト大田原","1382","","","","国内","74986004272-117144300801","258471","1382","0"
"20241006","ﾗｸﾃﾝﾍﾟｲ*ﾌｫ-ﾗﾑｵﾝﾗｲﾝﾁｹｯﾄ","2500","","","","国内","74297694282-000002829907","272118","2500","0"
"20241008","ｄアニメストア（月額）","550","","","","国内","74980004285-798301216228","762100","550","0"
"20241008","ＡＭＡＺＯＮ．ＣＯ．ＪＰ","3100","","","","国内","74980004283-798300109723","496817","3100","0"
"20241015","OPENAI *CHATGPT SUBSCR","3093","20.00","USD","154.650","海外","24492164289-000024493273","332624","3093","0"
"20241020","オカモト大田原","263","","","","国内","74986004296-113615301263","761679","263","0"
"20241028","メロンブックス","5602","","","","国内","74685114303-790200758437","078754","5602","0"
"20241031","東横ＩＮＮ（０５８）ＷＥＢ予約　仙台駅西","15580","","","","国内","74685114307-790500172624","372869","15580","0"
"20241108","ｄアニメストア（月額）","550","","","","国内","74980004316-791401316140","573633","550","0"
"20241203","ＧＯＯＧＬＥ　ＬＩＮＥ　ＣＡＬＬＳ　ＭＥ","50","","","","国内","74986004340-125771501789","313794","50","0"
"20241203","ﾗｸﾃﾝﾍﾟｲ*ﾌﾞ-ｽ","2500","","","","国内","74297694340-000004376550","752605","2500","0"
"20241208","ｄアニメストア（月額）","550","","","","国内","74980004346-794402275285","019839","550","0"
"20241210","ﾗｸﾃﾝﾍﾟｲ*ﾃﾞｨ-ｴﾑｴﾑﾗｸﾃﾝｼﾊﾗ","5000","","","","国内","74297694347-000006504020","413371","5000","0"
"20241216","GITHUB, INC.","1688","10.65","USD","158.498","海外","24000774351-000012322249","571463","1688","0"
"20241222","モバイルスイカ","2000","","","","国内","74542014358-063196726381","522988","2000","0"
"20241225","ＳＴＥＡＭ","5214","","","","国内","74986004362-126360401939","373430","5214","0"
"20241225","ﾗｸﾃﾝﾍﾟｲ*ﾌﾞ-ｽ","1000","","","","国内","74297694362-000004870571","585470","1000","0"
"20241225","ﾗｸﾃﾝﾍﾟｲ*ﾌﾞ-ｽ","1800","","","","国内","74297694362-000004261193","169470","1800","0"
"20250108","ｄアニメストア（月額）","550","","","","国内","74980005011-790901287046","331192","550","0"
"20250115","GITHUB, INC.","1795","11.00","USD","163.182","海外","24000775015-500014818156","210803","1795","0"
"20250118","オカモト大田原","377","","","","国内","74986005020-115534500826","068866","377","0"
"20250118","ﾗｸﾃﾝﾍﾟｲ*ﾌｫ-ﾗﾑｵﾝﾗｲﾝﾁｹｯﾄ","1500","","","","国内","74297695020-000000648576","558735","1500","0"
"20250119","ＳＴＥＡＭ","1613","","","","国内","74986005021-121586307861","785325","1613","0"
"20250119","ＳＴＥＡＭ","1613","","","","国内","74986005021-121586307614","621344","1613","0"
"20250126","ＳＴＥＡＭ","920","","","","国内","74986005028-120056815760","684758","920","0"
"20250131","モバイルスイカ","5000","","","","国内","74542015032-064308922901","292883","5000","0"
"20250131","イオン仙台","1491","","","","国内","74205035034-000000454748","927912","1491","0"
"20250208","ｄアニメストア（月額）","550","","","","国内","74980005042-794001283361","210656","550","0"
"20250212","雪印パーラー","3010","","","","国内","74980005044-794400560946","825662","3010","0"
"20250212","モバイルスイカ","2000","","","","国内","74542015044-064673035988","726507","2000","0"
"20250213","回転寿し　トリトン　円山店／ＮＦＣ","4532","","","","国内","74980005045-794500240034","095182","4532","0"
"20250213","モバイルスイカ","2000","","","","国内","74542015045-064694200404","745057","2000","0"
"20250214","ＪＲヒガシニホン　ミドリノマドグチ","1980","","","","国内","74542015046-064723173373","393601","1980","0"
"20250215","スターバックス／ＬＩＮＥ　ＥＣ","1400","","","","国内","74685115048-794600178888","589914","1400","0"
"20250215","GITHUB, INC.","1737","11.00","USD","157.910","海外","24000775046-500020141612","842410","1737","0"
"20250302","ヨークベニマル野田店","1357","","","","国内","74541105062-065175182084","881331","1357","0"
"20250308","ｄアニメストア（月額）","550","","","","国内","74980005070-796801506433","620235","550","0"
"20250310","ＴＳＵＴＡＹＡＢＯＯＫＳＴＯＲＥ　福島南","792","","","","国内","74980005071-796903041569","291214","792","0"
"20250315","ヨークベニマル野田店","369","","","","国内","74541105075-065556018241","148650","369","0"
"20250315","GITHUB, INC.","1691","11.00","USD","153.728","海外","24000775074-500022562695","267939","1691","0"
"20250319","コメリＰＷ安達店１０１２","3780","","","","国内","74980005079-797800854494","864601","3780","0"
"20250322","ヨドバシカメラ　通信販売（新経路）","4530","","","","国内","74980005084-798301058679","921931","4530","0"
"20250323","岩瀬書店　福島駅西口店","2343","","","","国内","74986005083-102191800099","368546","2343","0"
"20250323","ＥＮＥＯＳ－ＳＳ","1759","","","","国内","74980005084-798400468910","687469","1759","0"
"20250408","ｄアニメストア（月額）","550","","","","国内","74980005101-799901343080","160129","550","0"
"20250415","GITHUB, INC.","1635","11.00","USD","148.637","海外","24000775105-100022545874","407909","1635","0"
"20250423","ＰＣＤＥＰＯＴ　ＷＥＢ本店","24006","","","","国内","74986005115-128045500025","069326","24006","0"
"20250423","パソコンＳＨＯＰアーク","15730","","","","国内","74542015115-066734536353","917147","15730","0"
"20250423","ﾗｸﾃﾝﾍﾟｲ*ﾄﾞｽﾊﾟﾗ","16980","","","","国内","74297695115-000002645758","727325","16980","0"
"20250504","ＥＸＰＯ２０２５チケットサイト","6000","","","","国内","74980005126-792501450596","552099","6000","0"
"20250504","ＡＭＡＺＯＮ．ＣＯ．ＪＰ","7626","","","","国内","74980005125-792500062815","617810","7626","0"
"20250504","ｳｲﾗ-ﾄﾗﾍﾞﾙ","7000","","","","国内","74534005126-100000314746","995101","7000","0"
"20250508","ｄアニメストア（月額）","550","","","","国内","74980005131-792901380289","162011","550","0"
"20250515","GITHUB, INC.","1675","11.00","USD","152.273","海外","24000775135-100026443443","877886","1675","0"
"20250519","印刷の通販グラフィック（Ｃ）","1130","","","","国内","74980005142-794002003270","644494","1130","0"
"20250520","東横ＩＮＮ（０２８）ＷＥＢ予約　名古屋名","7200","","","","国内","74685115142-794100055052","550884","7200","0"
"20250523","印刷の通販グラフィック（Ｃ）","1660","","","","国内","74980005146-794501131651","140390","1660","0"
"20250528","モバイルスイカ","10000","","","","国内","74542015149-067742249872","200836","10000","0"
"20250529","ＢＩＧＢＯＸ　高田馬場","4030","","","","国内","74541105150-067773222265","340594","4030","0"
"20250530","近畿日本鉄道（特急券）","2130","","","","国内","74986005152-120656926817","733933","2130","0"
"20250602","ﾗｸﾃﾝﾍﾟｲ*ﾌﾞ-ｽ","1600","","","","国内","74297695155-000001549697","109635","1600","0"
"20250608","ｄアニメストア（月額）","550","","","","国内","74980005162-796002376163","543174","550","0"
"20250615","GITHUB, INC.","1639","11.00","USD","149.000","海外","24000775166-100022810852","152173","1639","0"
"20250617","三井ダイレクト損害保険","22690","","","","国内","74980005172-797001328351","102596","22690","0"
"20250620","ＳＷＩＴＣＨＳＣＩＥＮＣＥ","17171","","","","国内","74980305171-100044344482","035423","17171","0"
"20250620","ワークマン","1280","","","","国内","74980005172-797200326149","119113","1280","0"
"20250621","ＭＯＶＩＸ仙台","2000","","","","国内","74986005174-134065301136","966423","2000","0"
"20250624","ワークマン","1280","","","","国内","74980005176-797600523614","731290","1280","0"
"20250701","ＴＳＵＴＡＹＡ　ＤＩＳＣＡＳ","2627","","","","国内","74542015196-069129911522","000000","2627","0"
"20250703","ＳＳＸ　福島南バイパス店","2989","","","","国内","74980005185-798500240969","537894","2989","0"
"20250705","カインズホーム","64800","","","","国内","74980005187-798700319660","365055","64800","0"
"20250707","ｼﾞｴｲｳﾞｲﾚﾂｼﾞ","1320","","","","国内","74906885190-100000195547","534253","1320","0"
"20250708","ｄアニメストア（月額）","550","","","","国内","74980005192-799001480543","271650","550","0"
"20250709","パソコンＳＨＯＰアーク","5280","","","","国内","74542015192-068983572762","909766","5280","0"
"20250710","ＳＴＥＡＭ","6282","","","","国内","74986005193-133041112895","204515","6282","0"
"20250712","福島県観光物産館","1935","","","","国内","74922145194-799301046328","342516","1935","0"
"20250713","ﾗｸﾃﾝﾍﾟｲ*ｱﾊﾟﾎﾃﾙ","11600","","","","国内","74297695196-000001495652","073037","11600","0"
"20250715","GITHUB, INC.","1676","11.00","USD","152.364","海外","24000775196-100025589515","022585","1676","0"
"20250720","ＡＭＡＺＯＮ．ＣＯ．ＪＰ","5740","","","","国内","74980005202-790200189959","436545","5740","0"
"20250720","エスパルフクシマテン","2250","","","","国内","74542015202-069291207743","881787","2250","0"
"20250720","ＪＲヒガシニホン　ミドリノマドグチ","5090","","","","国内","74542015202-069288805145","641708","5090","0"
"20250721","ＪＲヒガシニホン　ミドリノマドグチ","2640","","","","国内","74542015203-069312800681","744169","2640","0"
"20250723","イオンシネマ福島","1800","","","","国内","74205035208-000003109000","943421","1800","0"
"20250723","イオン福島","159","","","","国内","74205035207-000003966988","233369","159","0"
"20250724","エスパルフクシマテン","495","","","","国内","74542015206-069402639202","889857","495","0"
"20250724","イオンシネマ福島","320","","","","国内","74205035208-000004407916","199788","320","0"
"20250729","三井アウトレットパーク仙台港","24750","","","","国内","74980005211-791100566170","004427","24750","0"
"20250729","コスモ石油","2671","","","","国内","74205035213-000005162547","767574","2671","0"
"20250808","ＥＮＥＯＳ－ＳＳ","3060","","","","国内","74980005224-792400488441","645754","3060","0"
"20250808","ＥＮＥＯＳ－ＳＳ","600","","","","国内","74980005224-792400488425","641774","600","0"
"20250808","ｄアニメストア（月額）","550","","","","国内","74980005223-792101547918","597539","550","0"
"20250815","ｻｸﾗｲﾝﾀ-ﾈﾂﾄ","7683","","","","国内","74966005229-807137821731","904570","7683","0"
"20250815","GITHUB, INC.","1678","11.00","USD","152.546","海外","24000775227-100032678247","053576","1678","0"
"20250816","コスモ石油","2520","","","","国内","74205035231-000005878991","643817","2520","0"
"20250817","ﾗｸﾃﾝﾍﾟｲ*ﾌﾞ-ｽ","1800","","","","国内","74297695231-000001690853","869438","1800","0"
"20250825","喜多方ラーメン専門店喜鈴福島鎌田店","1200","","","","国内","74726405239-000001899642","582182","1200","0"
"20250829","イオンシネマ福島","1600","","","","国内","74205035245-000003433447","052317","1600","0"
"20250830","ＩＫＥＡ仙台","499","","","","国内","74986005243-102016200183","800977","499","0"
"20250830","仙台うみの杜水族館　自動券売機","2400","","","","国内","74726405244-000002905342","311772","2400","0"
"20250830","コスモ石油","2676","","","","国内","74205035245-000004609334","301606","2676","0"
"20250830","コスモ石油","600","","","","国内","74205035245-000004609110","268616","600","0"
"20250905","コスモ石油","3040","","","","国内","74205035252-000005952204","173097","3040","0"
"20250908","ｄアニメストア（月額）","550","","","","国内","74980005254-795201513856","153322","550","0"
"20250908","ﾗｸﾃﾝﾍﾟｲ ﾐﾁﾉｴｷｱｶﾞﾉ","2256","","","","国内","74297695253-000002061446","517499","2256","0"
"20250908","コスモ石油","1615","","","","国内","74205035254-000004759236","880596","1615","0"
"20250914","ﾗｸﾃﾝﾍﾟｲ ﾃﾞﾝｴﾝ ｶﾌｴ","4400","","","","国内","74297695259-000000778854","446578","4400","0"
"20250914","コスモ石油","1711","","","","国内","74205035260-000006224116","206443","1711","0"
"20250914","コスモ石油","500","","","","国内","74205035260-000006222078","340453","500","0"
"20250914","イーティックス・オンラインチケット","1800","","","","国内","24083805258-140900078838","043718","1800","0"
"20250915","OPENAI","1677","11.00","USD","152.455","海外","24492165259-100014846143","442453","1677","0"
"20250916","イオンシネマ福島","1200","","","","国内","74205035263-000007655927","641700","1200","0"
"20250916","イオンシネマ福島","400","","","","国内","74205035263-000000874889","640699","400","0"
"20250918","ｽﾙｶﾞﾔ","8210","","","","国内","74219875263-027826416713","389977","8210","0"
"20250918","GITHUB","818","5.40","USD","151.482","海外","24011345261-100129910590","582683","818","0"
"20250919","CLOUDFLARE* CLOUDFLARE","1760","11.51","USD","152.911","海外","24000775262-100112441835","818206","1760","0"
"20250922","はま寿司","2112","","","","国内","74980005266-796501075923","153469","2112","0"
"20250925","イタリア厨房　麦畑","2800","","","","国内","74980005269-796900362614","712138","2800","0"
"20250925","CLOUDFLARE* CLOUDFLARE","-1750","11.51","USD","152.042","海外","24000775269-100007353742","224765","-1750","0"
"20250929","エックスサーバー","3204","","","","国内","74980005274-797301210660","200373","3204","0"
"20250930","金沢百番街","4442","","","","国内","74986005275-115941509412","455891","4442","0"
"20250930","ｱﾙﾋﾟｺｺｳﾂｳ ｼﾞｴ-ｱ-ﾙﾅｶﾞ","4300","","","","国内","74906865276-100000218645","675409","4300","0"
"20250930","東横ＩＮＮ（１１０）ＷＥＢ予約　金沢駅東","6755","","","","国内","74685115275-797300792654","978740","6755","0"
"20250930","立山黒部アルペンルート扇沢駅","12360","","","","国内","74542015274-071387105248","115515","12360","0"
"20250930","ＪＲヒガシニホン　ミドリノマドグチ","13980","","","","国内","74542015274-071382291167","895483","13980","0"
"20251001","セブン－イレブン","10472","","","","国内","74980005276-797400664617","878043","10472","0"
"20251001","GOOGLE*CLOUD GKCNGN","2","","","","国内","74830495275-920010631646","959419","2","0"
"20251001","東横ＩＮＮ（２０１）ＷＥＢ予約　富山駅新","6365","","","","国内","74685115276-797500081162","625278","6365","0"
"20251001","ＴＳＵＴＡＹＡ　ＤＩＳＣＡＳ","2565","","","","国内","74542015288-071823830098","000000","2565","0"
"20251001","モバイルスイカ","2000","","","","国内","74542015275-071404587096","607272","2000","0"
"20251001","モバイルスイカ","1000","","","","国内","74542015275-071404587088","475258","1000","0"
"20251002","ＪＲ西日本","19600","","","","国内","74980005278-797601774379","603607","19600","0"
"20251002","セブン－イレブン","2118","","","","国内","74980005277-797501625730","952782","2118","0"
"20251002","モバイルスイカ","1000","","","","国内","74542015276-071434975484","696617","1000","0"
"20251003","コスモ石油","2185","","","","国内","74205035279-000004112908","912048","2185","0"
"20251003","PAYPAL *STEAM GAMES","6895","6895.00","JPY","1.000","海外","74998865278-539855654288","067178","6895","0"
"20251008","ｄアニメストア（月額）","550","","","","国内","74980005284-798201639386","174738","550","0"
"20251012","イオンシネマ福島","1200","","","","国内","74205035289-000003022239","480848","1200","0"
"20251013","藤和那須リゾート株式会社","1000","","","","国内","74980305286-100171213346","108459","1000","0"
"20251013","Ｐａｙｏｓｓ（那須ハイランドパーク　ギ","1200","","","","国内","74685115287-798600040451","905354","1200","0"
"20251013","コスモ石油","2652","","","","国内","74205035289-000005680331","664234","2652","0"
"20251013","魚べい福島黒岩店","1670","","","","国内","74205035289-000003023948","410610","1670","0"
"20251015","フォ－ラム福島","1100","","","","国内","74541105290-071878610243","948384","1100","0"
"20251015","フォ－ラム","400","","","","国内","74541105290-071878610235","496384","400","0"
"20251015","GITHUB","944","6.00","USD","157.334","海外","24011345288-100119594189","250684","944","0"
"20251016","コスモ石油","2736","","","","国内","74205035292-000004193687","197865","2736","0"
"20251019","や台ずし　福島駅前町／ＮＦＣ","3254","","","","国内","74980005293-799300309490","581546","3254","0"
"20251023","ヨドバシカメラ　通信販売","97200","","","","国内","74980005297-799700371161","497026","97200","0"
"20251025","コスモ石油","1465","","","","国内","74205035301-000005406905","566182","1465","0"
"20251025","コスモ石油","500","","","","国内","74205035301-000005369277","521192","500","0"
"20251027","バロー（ダイユーエイト）","1579","","","","国内","74980005301-790001256759","738424","1579","0"
"20251028","イオンいわき","979","","","","国内","74205035304-000002470588","546883","979","0"
"20251029","ジーユー／ＮＦＣ","12960","","","","国内","74980005303-790300627310","827375","12960","0"
"20251029","フォ－ラム福島","1100","","","","国内","74541105304-072271714834","821272","1100","0"
"20251029","ヨークベニマル福島泉店","524","","","","国内","74541105303-072246208749","673452","524","0"
"20251029","コスモ石油","3309","","","","国内","74205035306-000004395716","552472","3309","0"
"20251030","OPENAI","1041","6.60","USD","157.728","海外","24492165303-100058833177","937026","1041","0"
"20251102","はま寿司","2420","","","","国内","74980005307-790601152717","265472","2420","0"
"20251103","イオンモールいわき小名浜","5490","","","","国内","74205035310-000005355184","701927","5490","0"
"20251103","コスモ石油","1791","","","","国内","74205035310-000005347421","584803","1791","0"
"20251103","コスモ石油","500","","","","国内","74205035310-000005338776","431813","500","0"
"20251104","コスモ石油","2848","","","","国内","74205035311-000004862890","553354","2848","0"
"20251105","うすい百貨店","11220","","","","国内","74980565311-790902450437","628809","11220","0"
"20251105","セリア２９９６エスパル郡山店","220","","","","国内","74980005310-790901444306","670983","220","0"
"20251105","麺家くさび郡山本店","1199","","","","国内","74685115310-790900040399","846972","1199","0"
"20251106","ジーユー／ＮＦＣ","5770","","","","国内","74980005311-791100628409","947336","5770","0"
"20251107","ｻｸﾗｲﾝﾀ-ﾈﾂﾄ","2552","","","","国内","74966005313-811085618757","676168","2552","0"
"20251108","ｄアニメストア（月額）","550","","","","国内","74980005315-791301614055","270206","550","0"
"20251108","バロー（ダイユーエイト）","684","","","","国内","74980005313-791201436692","927388","684","0"
"20251110","イオンシネマ福島","1800","","","","国内","74205035318-000003023174","930383","1800","0"
"20251114","バロー（ダイユーエイト）","1025","","","","国内","74980005320-791901226105","186313","1025","0"
"20251115","ダイソー／ＮＦＣ","110","","","","国内","74980005320-791901408463","404090","110","0"
"20251115","GITHUB","958","6.00","USD","159.667","海外","24011345319-100145181988","175247","958","0"
"20251118","モバイルスイカ","2000","","","","国内","74542015323-072862709513","737356","2000","0"
"20251120","しんぱち食堂　福島店","2387","","","","国内","74639545326-015546939094","217364","2387","0"
"20251120","フォ－ラム福島","1500","","","","国内","74541105326-072955321439","429290","1500","0"
"20251122","イオン福島","793","","","","国内","74205035329-000004192637","635268","793","0"
"20251122","OPENAI","1128","6.94","USD","162.537","海外","24492165326-100032681786","317751","1128","0"
"20251124","ＭＯＬＴＩ","3487","","","","国内","74980565329-792801418531","646412","3487","0"
"20251124","サイゼリヤ／ＮＦＣ","600","","","","国内","74980005329-792900488234","754588","600","0"
"20251125","東横ＩＮＮ（３４３）ＷＥＢ予約　北戸田駅","7495","","","","国内","74685115331-792900173837","563835","7495","0"
"20251125","モバイルスイカ","2000","","","","国内","74542015330-073071027110","663974","2000","0"
"20251127","ワークマン","2900","","","","国内","74980005332-793200710363","170007","2900","0"
"20251127","ＪＲヒガシニホン　エキネット","8700","","","","国内","74542015332-073140759659","719859","8700","0"
"20251127","コスモ石油マーケティング株式会社","2441","","","","国内","74205035334-000003321636","821903","2441","0"
"20251203","ＡＭＡＺＯＮ．ＣＯ．ＪＰ","13072","","","","国内","74980005338-793800219553","988868","13072","0"
"20251204","OPENAI","1100","6.84","USD","160.819","海外","24492165338-100025068989","706978","1100","0"
"20251205","ＡＭＡＺＯＮ．ＣＯ．ＪＰ","-13072","","","","国内","74980005340-794000239744","","-13072","0"
"20251208","ｄアニメストア（月額）","550","","","","国内","74980005345-794301643862","235808","550","0"
"20251209","ﾗｸﾃﾝﾍﾟｲ*ﾌﾞ-ｽ","600","","","","国内","74297695345-000000158673","485763","600","0"
"20251211","ｻ-ﾄﾞｳｴ-ﾌﾞ","153053","","","","国内","74966005347-812134795489","454255","153053","0"
"20251212","フォ－ラム福島","1500","","","","国内","74541105348-073642156471","624989","1500","0"
"20251212","コスモ石油マーケティング株式会社","3199","","","","国内","74205035349-000000172142","198942","3199","0"
"20251213","セリア２７６５いちい福島西店","220","","","","国内","74980005348-794800382092","529822","220","0"
"20251215","GITHUB","966","6.00","USD","161.000","海外","24011345349-100139318830","420076","966","0"
"20251219","麦と卵　三鷹店","1280","","","","国内","74922855354-795301130278","179915","1280","0"
"20251219","福島県観光物産館","1055","","","","国内","74922145354-795301125142","753668","1055","0"
"20251219","ＪＲヒガシニホン　ミドリノマドグチ","8040","","","","国内","74542015354-073827665941","659688","8040","0"
"20251219","モバイルスイカ","2000","","","","国内","74542015354-073827665933","809706","2000","0"
"20251220","プロント","1045","","","","国内","74980005356-795402295664","258478","1045","0"
"20251220","バーガーキング／ＮＦＣ","650","","","","国内","74980005355-795401495928","987345","650","0"
"20251220","ＪＳ／常陸野ブルーイング東京蒸","12445","","","","国内","74906885356-136487800050","847658","12445","0"
"20251223","オフモール　０００","40700","","","","国内","74986005359-155770200831","334915","40700","0"
"20251223","丸源ラーメン　福島泉店","957","","","","国内","74986005358-101496500055","241034","957","0"
"20251223","エスパルフクシマテン","3223","","","","国内","74542015358-073986923970","453098","3223","0"
"20251223","イオン福島","2178","","","","国内","74205035360-000003449400","698076","2178","0"
"20251224","ユニクロ／ＮＦＣ","8950","","","","国内","74980005359-795900677931","284469","8950","0"
"20251224","ＭＡＴＳＵＤＡＹＡ置賜店","6790","","","","国内","74566405359-112094300011","194851","6790","0"
"20251224","イオンシネマ福島","1200","","","","国内","74205035362-000001789268","523319","1200","0"
"20251224","コスモ石油マーケティング株式会社","2868","","","","国内","74205035361-000004794704","338494","2868","0"
"20251227","エスパルセンダイテン","5440","","","","国内","74542015362-074105904580","513299","5440","0"
"20251227","エスパルセンダイテン","3560","","","","国内","74542015362-074105904572","648285","3560","0"
"20251227","ＪＲヒガシニホン　ミドリノマドグチ","3210","","","","国内","74542015362-074104045393","869523","3210","0"
"20251227","モバイルスイカ","2000","","","","国内","74542015362-074104045385","282128","2000","0"
"20251228","麺家くさび福島店","3102","","","","国内","74685115363-796200039490","676198","3102","0"
"20251229","セブン－イレブン","613","","","","国内","74980005365-796301685053","811797","613","0"
"20251229","ヤマダデンキ","737","","","","国内","74639545365-015638550983","645432","737","0"
"20251229","福島太田町","200","","","","国内","74542015364-074161768497","075377","200","0"
"20251230","ＡＧＲＡ２","2290","","","","国内","74986005365-102262900025","884979","2290","0"
"20251230","モバイルスイカ","2000","","","","国内","74542015365-074183970666","033922","2000","0"
"20251231","株式会社一休","56712","","","","国内","74980006002-796502344796","783340","56712","0"
"20260103","ＳＴＥＡＭ","8628","","","","国内","74986006005-130039701420","238767","8628","0"
"20260103","ＢＯＯＴＨ","2740","","","","国内","74685116005-790400673309","465777","2740","0"
"20260104","ＢＯＯＴＨ","500","","","","国内","74685116006-790500063509","945297","500","0"
"20260108","ｄアニメストア（月額）","550","","","","国内","74980006011-790901550748","125227","550","0"
"20260110","うすい百貨店","2093","","","","国内","74980566012-791002607017","342540","2093","0"
"20260110","そば香房　佐吉　鎌田店","1930","","","","国内","74980006011-791001116083","942645","1930","0"
"20260110","マルナカファーム","1375","","","","国内","74566406011-108125500015","632411","1375","0"
"20260112","ＢＯＯＴＨ","1480","","","","国内","74685116014-791300424024","972834","1480","0"
"20260113","コスモ石油マーケティング株式会社","2364","","","","国内","74205036016-000004107250","160915","2364","0"
"20260114","フォ－ラム福島","1100","","","","国内","74541106016-074678676480","982547","1100","0"
"20260115","ＡＭＡＺＯＮ．ＣＯ．ＪＰ","848","","","","国内","74980006016-791600141701","515885","848","0"
"20260115","GITHUB","986","6.00","USD","164.334","海外","24011346015-100126961619","451353","986","0"
"20260117","ＡＭＡＺＯＮ．ＣＯ．ＪＰ","3668","","","","国内","74980006018-791800043176","732661","3668","0"
"20260120","ゲオヨークタウン福島野田店","19778","","","","国内","74980006021-792100334534","900462","19778","0"
"20260120","ＢＯＯＴＨ","300","","","","国内","74685116022-792000594942","504744","300","0"
"20260122","ＢＯＯＴＨ","460","","","","国内","74685116024-792300051591","338276","460","0"
"20260122","ＢＯＯＴＨ","300","","","","国内","74685116024-792300051583","265276","300","0"
"20260124","セブン－イレブン","451","","","","国内","74980006026-792401533896","104734","451","0"
"20260124","ＪＲヒガシニホン　エキネット","35640","","","","国内","74542016025-074942445067","548608","35640","0"
"20260124","コスモ石油マーケティング株式会社","2327","","","","国内","74205036027-000004318037","388444","2327","0"
"20260124","コメダ珈琲店　福島南中央店","2980","","","","国内","74205036026-000001057571","732584","2980","0"
"20260131","モバイルスイカ","2000","","","","国内","74542016032-075134616713","904182","2000","0"
"20260203","OPENAI","1071","6.67","USD","160.570","海外","24492166034-100039101565","561995","1071","0"
"20260206","ＢＯＯＴＨ","1000","","","","国内","74685116039-793800078640","695433","1000","0"
"20260206","ＢＯＯＴＨ","500","","","","国内","74685116039-793800078632","260413","500","0"
"20260206","ＢＯＯＴＨ","100","","","","国内","74685116039-793800078624","553433","100","0"
"20260206","ＢＯＯＴＨ","100","","","","国内","74685116039-793800078616","550423","100","0"
"20260207","アマルフィイ　ウノ","9690","","","","国内","74566406039-116149100082","617946","9690","0"
"20260207","梅体験専門店「蝶矢」鎌倉店","4323","","","","国内","74566406039-108496300050","047940","4323","0"
"20260207","モバイルスイカ","2000","","","","国内","74542016039-075320861761","909841","2000","0"
"20260208","アイカサ","190","","","","国内","74986006041-145549900714","190330","190","0"
"20260208","ｄアニメストア（月額）","660","","","","国内","74980006042-794002296857","307110","660","0"
"20260208","セブン－イレブン","751","","","","国内","74980006041-793901696713","307432","751","0"
"20260208","鎌倉まめや　小町通り店／ＮＦＣ","1080","","","","国内","74980006040-794000379731","154297","1080","0"
"20260208","豊島屋　鎌倉駅前　扉店","2700","","","","国内","74685116040-793900098818","367320","2700","0"
"20260208","鎌倉紅谷　八幡宮前本店","4563","","","","国内","74542016040-075351876354","561217","4563","0"
"20260208","モバイルスイカ","2000","","","","国内","74542016040-075348469016","153214","2000","0"
"20260212","ＳＴＥＡＭ","1010","","","","国内","74986006045-145762915031","826560","1010","0"
"20260213","コスモ石油マーケティング株式会社","2920","","","","国内","74205036047-000005558017","812622","2920","0"
"20260215","GITHUB","950","6.00","USD","158.334","海外","24011346046-100140807593","424127","950","0"
"20260221","モバイルスイカ","7000","","","","国内","74542016053-075760968580","895804","7000","0"
"20260224","ＢＯＯＴＨ","5500","","","","国内","74685116057-795600054520","428554","5500","0"
"20260224","ＢＯＯＴＨ","2500","","","","国内","74685116057-795600054512","406595","2500","0"
"20260224","ＢＯＯＴＨ","200","","","","国内","74685116057-795600054504","522506","200","0"
"20260225","セブン－イレブン","680","","","","国内","74980006058-795601971650","931016","680","0"
"20260225","モバイルスイカ","2000","","","","国内","74542016057-075896349057","224799","2000","0"
"20260225","ラウンドワンスタジアム福島店","2890","","","","国内","74205036059-000002556134","378933","2890","0"
"20260301","ＴＳＵＴＡＹＡ　ＤＩＳＣＡＳ","1506","","","","国内","74542016074-076464779948","000000","1506","0"
"20260303","コスモ石油マーケティング株式会社","2589","","","","国内","74205036065-000003694332","437170","2589","0"
"20260306","OPENAI","1969","12.10","USD","162.728","海外","24492166065-100019740616","114758","1969","0"
"20260308","ｄアニメストア（月額）","660","","","","国内","74980006070-796802222996","855853","660","0"
"20260308","ＢＯＯＴＨ","800","","","","国内","74685116069-796800054464","770655","800","0"
"20260308","ＢＯＯＴＨ","750","","","","国内","74685116069-796800054456","108645","750","0"
"20260308","ＢＯＯＴＨ","300","","","","国内","74685116069-796800054449","608655","300","0"
"20260309","マクドナルドモバイルオーダー","1260","","","","国内","74980006070-796901487730","474385","1260","0"
"20260311","UNITY","3586","22.00","USD","163.000","海外","24803946071-920007151760","695772","3586","0"
"20260313","ＢＯＯＴＨ","150","","","","国内","74685116074-797300077784","838317","150","0"
"20260313","イオンシネマ福島","2200","","","","国内","74205036076-000000021627","544471","2200","0"
"20260315","お好み焼き　かっちゃん","4760","","","","国内","74986006075-100668800053","903632","4760","0"
"20260315","セブン－イレブン","314","","","","国内","74980006076-797402947663","134793","314","0"
"20260315","イーティックス・オンラインチケット","6000","","","","国内","24083806075-140800112454","996687","6000","0"
"20260315","GITHUB","989","6.00","USD","164.834","海外","24011346074-100125327521","542925","989","0"
"20260320","モバイルスイカ","2000","","","","国内","74542016080-076635741100","217275","2000","0"
"20260321","グリルカフェリバーロック４","2950","","","","国内","74986006082-129668400052","340656","2950","0"
"20260321","ジーユー／ＮＦＣ","4980","","","","国内","74980006081-798100700118","295837","4980","0"
"20260321","展覧会ショップ／ＮＦＣ","3960","","","","国内","74980006081-798100491726","961738","3960","0"
"20260321","丸亀製麺　福島西／ＮＦＣ","660","","","","国内","74980006081-798100475737","733888","660","0"
"20260321","コスモ石油マーケティング株式会社","2683","","","","国内","74205036085-000003246626","529558","2683","0"
"20260321","コスモ石油マーケティング株式会社","500","","","","国内","74205036085-000001561752","792529","500","0"
"20260321","OPENAI","1808","11.00","USD","164.364","海外","24492166080-100030674068","947052","1808","0"
"20260325","ＡＭＡＺＯＮ．ＣＯ．ＪＰ","3868","","","","国内","74980006085-798500056638","760566","3868","0"
"20260327","ＦＯＲＴＮＵＭＭＡＳＯＮ","4010","","","","国内","74980306086-100135471840","711872","4010","0"
"20260328","PLUGIN BOUTIQUE","14370","86.90","USD","165.363","海外","74657376088-000465110021","480735","14370","0"
"20260404","ＩＣＨＩＩ’ＳロシナンテＭＡＲＫＥＴ二本","1558","","","","国内","74922146095-799401231604","966144","1558","0"
"20260408","ｄアニメストア（月額）","660","","","","国内","74980006101-799901674698","053332","660","0"
"20260409","ローソン","697","","","","国内","74980006100-790000446352","750036","697","0"
"20260413","コスモ石油マーケティング株式会社","2257","","","","国内","74205036106-000005750653","834022","2257","0"
"20260415","GITHUB","986","6.00","USD","164.334","海外","24011346105-100119771539","681360","986","0"
"20260419","OPENAI","1809","11.00","USD","164.455","海外","24492166109-100029405380","160486","1809","0"
"20260421","FS *Steinberg","9240","9240.00","JPY","1.000","海外","24871156111-226423142119","417058","9240","0"
"20260423","ＢＯＯＴＨ","900","","","","国内","74685116115-791400058175","332403","900","0"
"20260426","ＳＴＥＡＭ","15971","","","","国内","74986006118-141324918342","258159","15971","0"
"20260426","セブン－イレブン","562","","","","国内","74980006118-791601060782","544163","562","0"
"20260426","チーズキャビン","1468","","","","国内","74922326117-791600743028","098937","1468","0"
"20260426","ハシドラッグ　八木田店","2148","","","","国内","74922146117-791600574771","191795","2148","0"
"20260426","ＢＯＯＴＨ","3000","","","","国内","74685116118-791700642501","553713","3000","0"
"20260426","森の芽ぶきたまご舎　蔵王本店","3157","","","","国内","74542016117-077796844938","569823","3157","0"
"20260426","モバイルスイカ","2000","","","","国内","74542016117-077793636964","763016","2000","0"
"20260426","コスモ石油マーケティング株式会社","500","","","","国内","74205036119-000003406840","543796","500","0"
"20260426","コスモ石油マーケティング株式会社","2636","","","","国内","74205036119-000003379542","509716","2636","0"
"20260428","OPENAI","1151","6.99","USD","164.664","海外","24492166119-100004161402","779368","1151","0"
"20260429","ハシドラッグ　福島中央店","1098","","","","国内","74922146120-791901128173","457717","1098","0"
"20260429","コスモ石油マーケティング株式会社","1819","","","","国内","74205036122-000005375840","082441","1819","0"
"20260429","コスモ石油マーケティング株式会社","500","","","","国内","74205036122-000005347799","247451","500","0"
"20260430","ＡＭＡＺＯＮ．ＣＯ．ＪＰ","11819","","","","国内","74980006121-792100145947","938889","11819","0"
"20260502","セブン－イレブン","533","","","","国内","74980006124-792201820395","863507","533","0"
"20260503","モスバーガー／ＮＦＣ","600","","","","国内","74980006124-792400267042","684850","600","0"
"20260504","セブン－イレブン","356","","","","国内","74980006126-792401749905","336617","356","0"
"20260504","ヨドバシカメラ　通信販売","520","","","","国内","74980006125-792500335839","755365","520","0"
"20260504","松島さかな市場","1750","","","","国内","74980006125-792401205909","630466","1750","0"
"20260504","パンセ　松島店","450","","","","国内","74922326125-792401480786","868594","450","0"
"20260504","モバイルスイカ","2000","","","","国内","74542016125-078042922320","559462","2000","0"
"20260504","コスモ石油マーケティング株式会社","2871","","","","国内","74205036127-000001578475","534268","2871","0"
"20260504","コスモ石油マーケティング株式会社","500","","","","国内","74205036127-000001572510","507288","500","0"
"20260506","セブン－イレブン","473","","","","国内","74980006128-792601037885","336658","473","0"
"20260508","ｄアニメストア（月額）","660","","","","国内","74980006131-792901631234","946514","660","0"
"20260509","マクドナルドモバイルオーダー","1050","","","","国内","74980006131-793001532041","113264","1050","0"
"20260509","サンピュア","510","","","","国内","74980006130-792901147836","336134","510","0"
"20260509","地方税共同機構（ｅＬＴＡＸ）","3600","","","","国内","74541106130-078206824828","501395","3600","0"
"20260509","システム利用料（ｅＬＴＡＸ）","40","","","","国内","74541106130-078206824810","591395","40","0"
"20260509","イオンモール天童","5490","","","","国内","74205036132-000005676476","844035","5490","0"
"20260509","コスモ石油マーケティング株式会社","2926","","","","国内","74205036132-000005674083","992981","2926","0"
"20260511","６８４０マツモトキヨシチェーン福島笹谷店","1150","","","","国内","74980006132-793200701107","362107","1150","0"
"20260515","GITHUB","982","6.00","USD","163.667","海外","24011346136-100014430390","728613","982","0"
"20260517","コスモ石油マーケティング株式会社","2836","","","","国内","74205036141-000000985772","615205","2836","0"
"20260518","東横ＩＮＮ（０３１）ＷＥＢ予約　東京秋川","10830","","","","国内","74685116140-793900100951","451875","10830","0"
"20260521","かつや　南福島店／ＮＦＣ","1868","","","","国内","74980006142-794200449646","644320","1868","0"
"20260521","モバイルスイカ","2000","","","","国内","74542016142-078596674367","963310","2000","0"
"20260521","コスモ石油マーケティング株式会社","2841","","","","国内","74205036144-000000346071","557321","2841","0"
"20260522","ＩＭＴ　ブティック","1430","","","","国内","74986006143-103450500079","954977","1430","0"
"20260522","とんかつ　まい泉食堂","1000","","","","国内","74980006143-794201030386","075940","1000","0"
"20260522","東横ＩＮＮ（３５５）ＷＥＢ予約　茅場町駅","24040","","","","国内","74685116144-794300084585","740078","24040","0"
"20260522","モバイルスイカ","10000","","","","国内","74542016143-078620062844","986831","10000","0"
"20260522","モバイルスイカ","750","","","","国内","74542016143-078620062836","955057","750","0"
"20260523","エキュートオオミヤノース","3024","","","","国内","74542016144-078646466622","749574","3024","0"
"20260523","モバイルスイカ","10000","","","","国内","74542016144-078644883059","289500","10000","0"
"20260527","OPENAI *CHATGPT SUBSCR","3000","3000.00","JPY","1.000","海外","24492166147-100020055121","910614","3000","0"
"20260529","セブン－イレブン","804","","","","国内","74980006151-794901611443","472802","804","0"
"20260529","味工房　ＭＡＸふくしま店","580","","","","国内","74726406151-000000670327","175546","580","0"
"20260602","ヨークベニマル福島泉店","127","","","","国内","74541106154-078955089715","615867","127","0"
"20260602","コスモ石油マーケティング株式会社","3415","","","","国内","74205036156-000003396656","907887","3415","0"
"20260603","OPENAI","605","3.67","USD","164.851","海外","24492166154-100012714552","072269","605","0"
"20260606","ＪＡ夢みなみ　はたけんぼ","1900","","","","国内","74986006158-100496000504","034993","1900","0"
"20260606","ヨークベニマル野田店","6034","","","","国内","74541106158-079054950985","716111","6034","0"
